<?xml version="1.0" encoding="UTF-8"?>
<project-private xmlns="http://www.netbeans.org/ns/project-private/1">
    <editor-bookmarks xmlns="http://www.netbeans.org/ns/editor-bookmarks/2" lastBookmarkId="0"/>
    <open-files xmlns="http://www.netbeans.org/ns/projectui-open-files/2">
        <group>
            <file>file:/C:/Users/hp/Documents/Shopper_Square/web/clothing.jsp</file>
            <file>file:/C:/Users/hp/Documents/Shopper_Square/web/admin.jsp</file>
            <file>file:/C:/Users/hp/Documents/Shopper_Square/src/java/Controller/AdminController.java</file>
            <file>file:/C:/Users/hp/Documents/Shopper_Square/src/java/dao/AdminDao.java</file>
            <file>file:/C:/Users/hp/Documents/Shopper_Square/web/adminAddProduct.jsp</file>
        </group>
    </open-files>
</project-private>
